{
    "schema_name": "qc_schema_output",
    "schema_version": 1,
    "qcjson_creator_version": "0.2.0",
    "provenance": {
        "creator": "ORCA",
        "version": "4.2.0"
    },
    "molecule": {
        "geometry": [[0.0, 0.0, 0.0], [0.965, 0.0, 0.0], [-0.25145, 0.0, -0.95236], [-1.49986, 2.16806, 0.77799], [-0.89276, 1.40897, 0.61794], [-2.0554, 1.88777, 1.51571], [-2.44037, 2.43735, -1.79073], [-2.21329, 2.41726, -0.83237], [-2.29351, 3.35258, -2.05944], [-0.8291, 0.361, -2.59568], [-1.41216, 1.13978, -2.44151], [-1.38502, -0.27386, -3.0642]],
        "symbols": [ "O", "H", "H", "O", "H", "H", "O", "H", "H", "O", "H", "H" ]
    },
    "molecular_charge": 0,
    "molecular_multiplicity": 1,
    "name": "4h2o.temelso.etal.s4-orca.engrad-mp2.def2tzvp",
    "atomic_numbers": [8, 1, 1, 8, 1, 1, 8, 1, 1, 8, 1, 1],
    "driver": "gradient",
    "return_result": [[-0.00405274444112519, -0.00194093770247395, 0.00449558286114052], [0.004786052663737415, 0.00014996866524032, -0.001139939490082135], [-0.00044858318743381, 0.00042722928222696, -0.00200900563747844], [0.0014615141846883002, 0.006032345940106411, -0.002123088403614505], [0.00103598565597339, -0.001903010899155235, -0.0005724925294172751], [-0.0024044308290300655, -0.002502885560116515, 0.0037349680960292704], [-0.0037560196450562, -0.004617035559162135, -0.002735926585789855], [0.000907011847976265, -6.99198666065e-05, 0.002066018674654605], [0.001216624576214345, 0.00494318339098959, -0.00034918359328511004], [0.00656381251536079, 0.0007742774849913851, 0.000307288365104945], [-0.00141498912750311, 0.001408205010716155, 0.00065592393781395], [-0.0038942153165408854, -0.002701382392233995, -0.002330164592337215]],
    "model": {
        "method": "MP2",
        "basis": "def2-TZVP"
    },
    "keywords": {
        "scf_convergence_tolerance": "Tight",
        "frozencore": true,
        "scf_grid_level": 2,
        "final_grid_level": 2
    },
    "properties": {
        "scf_total_energy": -304.26680390000007,
        "mp2_total_energy": -305.301691973,
        "mp2_correlation_energy": -1.034888073,
        "return_energy": -305.301691973,
        "calcinfo_nbasis": 172,
        "calcinfo_nmo": 172,
        "nuclear_repulsion_energy": 141.0258479,
        "scf_one_electron_energy": -701.00251374,
        "scf_two_electron_energy": 255.70986194,
        "mulliken_charges": [ -0.763826, 0.353467, 0.410383, -0.763867, 0.410388, 0.353468, -0.76387, 0.410385, 0.353479, -0.76386, 0.410372, 0.353482 ],
        "loewdin_charges": [ -0.322332, 0.160911, 0.161443, -0.322473, 0.161497, 0.160966, -0.322485, 0.161506, 0.160971, -0.322474, 0.161431, 0.16104 ],
        "mp2_dipole_moment": [ 0.00023, -0.00028, 0.00045 ],
        "alpha_homo_energy": -0.502462,
        "alpha_homo_lumo_gap_energy": 0.62669,
        "beta_homo_energy": -0.502462,
        "beta_homo_lumo_gap_energy": 0.62669
    },
    "success": true
}