{
    "schema_name": "qc_schema_output",
    "schema_version": 1,
    "qcjson_creator_version": "0.2.0",
    "provenance": {
        "creator": "ORCA",
        "version": "4.2.0"
    },
    "molecule": {
        "geometry": [[0.0, 0.0, 0.0], [0.9774, 0.0, 0.0], [-0.25837, 0.0, -0.92915], [1.34847, -1.00428, 3.00497], [0.74657, -1.71265, 2.74139], [0.80291, -0.18948, 2.9602], [2.64272, 0.16865, 0.89946], [2.38934, -0.4006, 1.66207], [3.5574, -0.0562, 0.6929], [0.3551, 1.57304, 2.33838], [1.26017, 1.76696, 2.04962], [-0.06385, 1.28707, 1.5056]],
        "symbols": [ "O", "H", "H", "O", "H", "H", "O", "H", "H", "O", "H", "H" ]
    },
    "molecular_charge": 0,
    "molecular_multiplicity": 1,
    "name": "4h2o.temelso.etal.py-orca.engrad-mp2.def2tzvp",
    "atomic_numbers": [8, 1, 1, 8, 1, 1, 8, 1, 1, 8, 1, 1],
    "driver": "gradient",
    "return_result": [[-0.005524935578416916, -0.000802245431633985, 0.005784942995886871], [0.00396097934051947, 0.00074515680541284, -0.0009287059038855252], [8.5661285223585e-05, -0.000719966756173255, -0.004610005777978996], [0.006636585868415285, -0.0010612890887804452, 0.00500063106517439], [-0.0030112029903457704, -0.00334114917168347, -0.00200560413045434], [-0.0032684703049352002, 0.0013537431038080651, -0.0029952159073325002], [-0.0027118325777024804, 0.0052985274914405705, -0.002169953611502105], [-0.00023557325868017, -0.002567854344276825, 0.00180449947628505], [0.00391974551648288, -0.0016629211950375102, -2.8553761741195e-05], [-0.004625312559587445, 0.00453213016438835, 0.00716032346382046], [0.0046589307873423, -0.0015986894040657552, -0.002919078841776395], [0.00011542447168446002, -0.00017544217339858002, -0.00409329796375696]],
    "model": {
        "method": "MP2",
        "basis": "def2-TZVP"
    },
    "keywords": {
        "scf_convergence_tolerance": "Tight",
        "frozencore": true,
        "scf_grid_level": 2,
        "final_grid_level": 2
    },
    "properties": {
        "scf_total_energy": -304.26114372999996,
        "mp2_total_energy": -305.295203351,
        "mp2_correlation_energy": -1.034059621,
        "return_energy": -305.295203351,
        "calcinfo_nbasis": 172,
        "calcinfo_nmo": 172,
        "nuclear_repulsion_energy": 145.40360395,
        "scf_one_electron_energy": -709.58833452,
        "scf_two_electron_energy": 259.92358684,
        "mulliken_charges": [ -0.746038, 0.386345, 0.347965, -0.748664, 0.356815, 0.402003, -0.770549, 0.406504, 0.353963, -0.745655, 0.364735, 0.392577 ],
        "loewdin_charges": [ -0.331253, 0.159907, 0.159899, -0.314051, 0.163118, 0.165948, -0.334262, 0.162627, 0.160642, -0.315484, 0.160758, 0.16215 ],
        "mp2_dipole_moment": [ 0.5103, -0.58451, -1.2432 ],
        "alpha_homo_energy": -0.492874,
        "alpha_homo_lumo_gap_energy": 0.6107589999999999,
        "beta_homo_energy": -0.492874,
        "beta_homo_lumo_gap_energy": 0.6107589999999999
    },
    "success": true
}